cleanedName,sciName,itis_id,rank,notes,isConifer
Maple,Acer,28727,genus,,0
Trident maple,Acer buergerianum,837859,species,,0
Hedge maple,Acer campestre,28739,species,,0
Florida maple,Acer floridanum,183691,species,,0
Amur maple,Acer ginnala,28741,species,,0
Chalk maple,Acer leucoderme,28761,species,,0
Bigleaf maple,Acer macrophyllum,28748,species,,0
Acer negundo,Acer negundo,28749,species,,0
Boxelder,Acer negundo,28749,species,,0
Black maple,Acer nigrum,182135,species,,0
Japanese maple,Acer palmatum,182136,species,,0
Striped maple,Acer pensylvanicum,28754,species,,0
Norway maple,Acer platanoides,28755,species,,0
Red maple,Acer rubrum,28728,species,,0
Silver maple,Acer saccharinum,28757,species,,0
Sugar maple,Acer saccharum,28731,species,,0
Acer x freemanii,Acer X freemanii,500949,species,,0
Horned maple,Acer diabolicum,837851,species,,0
Southern sugar maple,Acer saccharum,28731,species,,0
Buckeye,Aesculus,28714,genus,,0
Ohio buckeye,Aesculus glabra,28718,species,,0
Aesculus hippocastanum,Aesculus hippocastanum,28721,species,,0
Aesculus parviflora,Aesculus parviflora,28722,species,,0
Bottlebrush buckeye,Aesculus parviflora,28722,species,,0
Red buckeye,Aesculus pavia,28723,species,,0
Yellow buckeye,Aesculus flava,837871,species,,0
Ailanthus,Ailanthus,28826,genus,,0
Alder,Alnus,19466,genus,,0
Hazel alder,Alnus serrulata,19468,species,,0
Speckled alder,Alnus incana,19471,species,,0
Serviceberry,Amelanchier,25108,species,,0
Common serviceberry,Amelanchier arborea,25110,species,,0
Amelanchier laevis,Amelanchier laevis,182046,species,,0
Pacific madrone,Arbutus menziesii,23627,species,,0
Dwarf pawpaw,Asimina pygmea,18114,species,,0
Pawpaw,Asimina triloba,18117,species,,0
Baccharis halimifolia,Baccharis halimifolia,35682,species,,0
Birch,Betula,19478,genus,,0
Yellow birch,Betula alleghaniensis,19481,species,,0
Black birch,Betula lenta,19487,species,,0
Sweet birch,Betula lenta,19487,species,,0
White birch,Betula minor,183534,species,,0
River birch,Betula nigra,19480,species,,0
Paper birch,Betula papyrifera,19489,species,,0
Gray birch,Betula populifolia,19497,species,,0
Heartleaf birch,Betula cordifolia,195222,species,,0
Buxus,Buxus,28022,genus,,0
Callicarpa americana,Callicarpa americana,32144,species,,0
Calycanthus,Calycanthus,18139,species,,0
Eastern sweetshrub,Calycanthus floridus,18142,species,,0
Camellia,Camellia,500689,genus,,0
Hornbeam,Carpinus,19503,genus,,0
American hornbeam,Carpinus caroliniana,19504,species,,0
Blue beech,Carpinus caroliniana,19504,species,,0
Hickory,Carya,19223,genus,,0
Bitternut hickory,Carya cordiformis,19227,species,,0
Pignut hickory,Carya glabra,19231,species,,0
Pecan,Carya illinoinensis,19234,species,,0
Shellbark hickory,Carya laciniosa,19235,species,,0
Nutmeg hickory,Carya myristiciformis,19239,species,,0
Shagbark hickory,Carya ovata,19242,species,,0
Mockernut hickory,Carya tomentosa,19247,species,,0
American chestnut,Castanea dentata,19454,species,,0
Chinese chestnut,Castanea mollissima,501318,species,,0
Catalpa,Catalpa,34312,genus,,0
Southern catalpa,Catalpa bignonioides,34313,species,,0
Northern catalpa,Catalpa speciosa,34315,species,,0
Oriental bittersweet,Celastrus orbiculatus,506068,species,,0
Hackberry,Celtis,19039,genus,,0
Sugarberry,Celtis laevigata,19042,species,,0
Common buttonbush,Cephalanthus occidentalis,34786,species,,0
Eastern redbud,Cercis canadensis,25782,species,,0
Chinese quince,Chaenomeles sinensis,565928,species,,0
Atlantic white-cedar,Chamaecyparis thyoides,18046,species,,0
White-cedar,Chamaecyparis thyoides,18046,species,,1
Fragrant wintersweet,Chimonanthus praecox,NA,species,,0
Fringetree,Chionanthus,32948,genus,,0
Kentucky yellowwood,Cladrastis kentukea,26539,species,,0
Dogwood,Cornus,27798,genus,,0
Alternate-leaf dogwood,Cornus alternifolia,27813,species,,0
Silky dogwood,Cornus amomum,27799,species,,0
Roughleaf dogwood,Cornus drummondii,27807,species,,0
Flowering dogwood,Cornus florida,27806,species,,0
Stiff dogwood,Cornus foemina,27802,species,,0
Kousa dogwood,Cornus kousa,507498,species,,0
Big-leaf dogwood,Cornus macrophylla,896096,species,,0
Cornelian-cherry dogwood,Cornus mas,565094,species,,0
Cornus mas,Cornus mas,565094,species,,0
Cornus stolonifera,Cornus sericea,501637,species,,0
Redosier dogwood,Cornus sericea,501637,species,,0
Weeping knoss dogwood,Cornus kousa,507498,species,,0
Grey dogwood,Cornus racemosa,501635,species,,0
Hazelnut,Corylus,19505,genus,,0
American hazelnut,Corylus americana,19506,species,,0
Beaked hazel,Corylus cornuta,19507,species,,0
Hawthorn,Crataegus,24539,genus,,0
Broadleaf hawthorn,Crataegus dilatata,24555,species,,0
Fanleaf hawthorn,Crataegus flabellata,24561,species,,0
Washington hawthorn,Crataegus phaenopyrum,24593,species,,0
Cyrilla racemiflora,Cyrilla racemiflora,23449,species,,0
Bush honeysuckle,Diervilla,35309,genus,,0
Persimmon,Diospyros,23853,genus,,0
Common persimmon,Diospyros virginiana,23855,species,,0
Edgeworthia chrysantha,Edgeworthia chrysantha,512730,species,,0
Russian-olive,Elaeagnus angustifolia,27770,species,,0
Autumn olive,Elaeagnus umbellata,27776,species,,0
Euonymus alatus,Euonymus alatus,27946,species,,0
European spindletree,Euonymus europaeus,27949,species,,0
Yeddo euonymous,Euonymus hamiltonianus,894989,species,,0
Beech,Fagus,19461,genus,,0
American beech,Fagus grandifolia,19462,species,,0
European beech,Fagus sylvatica,502590,species,,0
Fagus sylvatica,Fagus sylvatica,502590,species,,0
Japanese knotweed,Fallopia japonica,565897,species,,0
Speckled japanese aralla,Fatsia japonica,505935,species,,0
Ficus,Ficus,19081,species,,0
Fig,Ficus,19081,species,,0
Florida forestiera,Forestiera segregata,32959,species,,0
Forsythia,Forsythia,32961,species,,0
Ash,Fraxinus,32928,species,,0
White ash,Fraxinus americana,32931,species,,0
Carolina ash,Fraxinus caroliniana,32941,species,,0
Black ash,Fraxinus nigra,32945,species,,0
Green ash,Fraxinus pennsylvanica,32929,species,,0
Gardenia,Gardenia,35159,genus,,0
Huckleberry,Gaylussacia,23659,genus,,0
Gaylussacia baccata,Gaylussacia baccata,23660,species,,0
Ginkgo,Ginkgo,183264,genus,,0
Honeylocust,Gleditsia,26711,genus,,0
Carolina silverbell,Halesia carolina,23864,species,,0
Halesia tetraptera,Halesia tetraptera,502868,species,,0
Witch hazel,Hamamelis virginiana,19033,species,,0
witch-hazel,Hamamelis virginiana,19033,species,,0
Hamamelis virginiana,Hamamelis virginiana,19033,species,,0
Ozark witch hazel,Hamamelis vernalis,19032,species,,0
Rose of sharon,Hibiscus syriacus,21638,species,,0
Raisin,Hovenia dulcis,28554,species,,0
Hydrangea,Hydrangea,24194,genus,,0
Hydrangea quercifolia,Hydrangea quercifolia,24200,species,,0
Oakleaf hydrangea,Hydrangea quercifolia,24200,species,,0
Possumhaw,Ilex decidua,27998,species,,0
Ilex glabra,Ilex glabra,27981,species,,0
Mountain holly,Ilex montana,28002,species,,0
Mountain winterberry,Ilex montana,28002,species,,0
Catberry,Ilex mucronata,835359,species,,0
American holly,Ilex opaca,27982,species,,0
Ilex verticillata,Ilex verticillata,27985,species,,0
Winterberry,Ilex verticillata,27985,species,,0
Ilex vomitoria,Ilex vomitoria,27986,species,,0
Itea virginica,Itea virginica,24202,species,,0
Virginia sweetspire,Itea virginica,24202,species,,0
Walnut,Juglans,19248,genus,,0
Black walnut,Juglans nigra,19254,species,,0
Kalmia latifolia,Kalmia latifolia,23677,species,,0
Mountain laurel,Kalmia latifolia,23677,species,,0
Kalopanax septemlobus,Kalopanax septemlobus,565257,species,,0
Golden rain tree,Koelreuteria elegans,503285,species,,0
Koelreuteria paniculata,Koelreuteria paniculata,503286,species,,0
Crepe myrtle,Lagerstroemia indica,27110,species,,0
Tamarack,Larix laricina,183412,species,,1
Leucothoe axillaris,Leucothoe axillaris,23550,species,,0
Privet,Ligustrum,32973,genus,,0
Japanese privet,Ligustrum japonicum,503449,species,,0
Common privet,Ligustrum vulgare,32980,species,,0
Olive quihoui,Ligustrum quihoui,32978,species,,0
Quihoui,Ligustrum quihoui,32978,species,,0
Spicebush,Lindera,18146,genus,,0
Common spicebush,Lindera benzoin,18147,species,,0
Lindera benzoin,Lindera benzoin,18147,species,,0
Northern spicebush,Lindera benzoin,18147,species,,0
Sweetgum,Liquidambar styraciflua,19027,species,,0
Tulip poplar,Liriodendron tulipifera,18086,species,,0
Tuliptree,Liriodendron tulipifera,18086,species,,0
Yellow-poplar,Liriodendron tulipifera,18086,species,,0
Tanoak,Lithocarpus densiflorus,19464,species,,0
Honeysuckle,Lonicera,35281,genus,,0
Lonicera hispidula var. vacillans,Lonicera hispidula var. vacillans,528895,species,,0
Lonicera japonica,Lonicera japonica,35283,species,,0
Amur honeysuckle,Lonicera maackii,35298,species,,0
Tatarian honeysuckle,Lonicera tatarica,35306,species,,0
Maackia amurensis,Maackia amurensis,506254,species,,0
Osage orange,Maclura pomifera,19102,species,,0
Magnolia,Magnolia,18069,genus,,0
Southern magnolia,Magnolia grandiflora,18074,species,,0
Umbrella magnolia,Magnolia tripetala,18077,species,,0
Sweetbay,Magnolia virginiana,18070,species,,0
Loebner magnolia,Magnolia X loebneri,NA,species,,0
Merrill magnolia,Magnolia X loebneri,NA,species,,0
Cucumber magnolia,Magnolia acuminata,18071,species,,0
Fraser magnolia,Magnolia fraseri,18073,species,,0
Mountain or fraser magnolia,Magnolia fraseri,18073,species,,0
Apple,Malus,25254,genus,,0
Malus,Malus,25254,genus,,0
Southern crab apple,Malus angustifolia,25255,species,,0
Southern crabapple,Malus angustifolia,25255,species,,0
Sweet crab apple,Malus coronaria,25257,species,,0
Oregon crab apple,Malus fusca,25258,species,,0
Prairie crab apple,Malus ioensis,25259,species,,0
Malus siberica,Malus baccata,25256,species,,0
Malus sargentii,Malus sargentii,507499,species,,0
Morella caroliniensis,Morella caroliniensis,507898,species,,0
Southern bayberry,Morella caroliniensis,507898,species,,0
Morella cerifera,Morella cerifera,507899,species,,0
Wax myrtle,Morella cerifera,507899,species,,0
Red bay,Morella rubra,845182,species,,0
Myrica cerifera,Morella cerifera,507899,species,,0
Mulberry,Morus,19064,genus,,0
White mulberry,Morus alba,19066,species,,0
Black mulberry,Morus nigra,19069,species,,0
Red mulberry,Morus rubra,19070,species,,0
Clerya,Mulinia cleryana,80960,species,,0
Arrowwood,Viburnum,35249,genus,,0
Arrowwood viburnum,Viburnum,35249,genus,,0
Nandina domestica,Nandina domestica,18848,species,,0
Tupelo,Nyssa,27820,genus,,0
Water tupelo,Nyssa aquatica,27824,species,,0
Black gum,Nyssa sylvatica,27821,species,,0
Blackgum,Nyssa sylvatica,27821,species,,0
Hophornbeam,Ostrya,19508,genus,,0
Eastern hophornbeam,Ostrya virginiana,19511,species,,0
Sourwood,Oxydendrum arboreum,23690,species,,0
Persian ironwood,Parrotia persica,895220,species,,0
Redbay,Persea borbonia,18149,species,,0
Common ninebark,Physocarpus opulifolius,25282,species,,0
Blue spruce,Picea pungens,183307,species,,0
Spruce pine,Pinus glabra,183342,species,,1
Monterey pine,Pinus radiata,183372,species,,1
Eastern white pine,Pinus strobus,183385,species,,1
Virginia pine,Pinus virginiana,183394,species,,1
Mountain ash,Piptocarpha tetrantha,38860,species,,0
Sycamore,Platanus,19019,genus,,0
American sycamore,Platanus occidentalis,19020,species,,0
Podocarpus,Podocarpus,183488,genus,,0
Balsam poplar,Populus balsamifera,22453,species,,0
Bigtooth aspen,Populus grandidentata,22463,species,,0
Quaking aspen,Populus tremuloides,195773,species,,0
Trembling aspen,Populus tremuloides,195773,species,,0
Cherry,Prunus,24762,genus,,0
Cherry and plum,Prunus,24762,genus,,0
Chokecherry,Prunus,24762,genus,,0
Wild cherry,Prunus,24762,genus,,0
American plum,Prunus americana,24763,species,,0
Sweet cherry,Prunus avium,24770,species,,0
Sour cherry,Prunus cerasus,24773,species,,0
Cherry laurel,Prunus laurocerasus,24786,species,,0
Prunus maritima,Prunus maritima,24790,species,,0
Japanese apricot,Prunus mume,506231,species,,0
Pin cherry,Prunus pensylvanica,24799,species,,0
Peach,Prunus persica,24765,species,,0
Black cherry,Prunus serotina,24764,species,,0
Kwanzan cherry,Prunus serrulata,506233,species,,0
Weeping cherry,Prunus subhirtella,565436,species,,0
Wafer ash,Ptelea trifoliata,28992,species,,0
Buffalo nut,Pyrularia pubera,504705,species,,0
Pear,Pyrus,25294,genus,,0
Callery pear,Pyrus calleryana,504706,species,,0
Oak,Quercus,19276,genus,,0
California live oak,Quercus agrifolia,19289,species,,0
White oak,Quercus alba,19290,species,,0
Swamp white oak,Quercus bicolor,19300,species,,0
Scarlet oak,Quercus coccinea,19288,species,,0
Southern red oak,Quercus falcata,19277,species,,0
Chinese evergreen oak,Quercus glauca,845168,species,,0
Scrub oak,Quercus ilicifolia,19358,species,suggested change to 'bear oak' due to ambiguity,0
Shingle oak,Quercus imbricaria,19359,species,,0
Turkey oak,Quercus laevis,19367,species,,0
Laurel oak,Quercus laurifolia,19368,species,,0
Overcup oak,Quercus lyrata,19278,species,,0
Bur oak,Quercus macrocarpa,19287,species,,0
Blackjack oak,Quercus marilandica,19374,species,,0
Swamp chestnut oak,Quercus michauxii,19279,species,,0
Chestnut oak,Quercus montana,19379,species,,0
Quercus montana,Quercus montana,19379,species,,0
Water oak,Quercus nigra,19280,species,,0
Cherrybark oak,Quercus pagoda,195195,species,,0
Pin oak,Quercus palustris,19281,species,,0
Willow oak,Quercus phellos,19282,species,,0
Quercus robur,Quercus robur,19405,species,,0
Northern red oak,Quercus rubra,19408,species,,0
Red oak,Quercus rubra,19408,species,,0
Black oak,Quercus velutina,19447,species,,0
Live oak,Quercus virginiana,19283,species,,0
Shumard oak,Quercus shumardii,19417,species,,0
Buckthorn,Rhamnus,28561,genus,,0
Common buckthorn,Rhamnus cathartica,28573,species,,0
Rhamnus cathartica,Rhamnus cathartica,28573,species,,0
Frangula alnus,Rhamnus frangula,28579,species,,0
Azalea,Rhododendron,23700,genus,,0
Rhododendron,Rhododendron,23700,genus,,0
Florida azalea,Rhododendron austrinum,23705,species,,0
Rhododendron austrinum,Rhododendron austrinum,23705,species,,0
Rhododendron canescens,Rhododendron canescens,23712,species,,0
Catawba rhododendron,Rhododendron catawbiense,23714,species,,0
Piedmont azalea,Rhododendron flammeum,23717,species,,0
Plumleaf azalea,Rhododendron prunifolium,23728,species,,0
Coastal azalea,Rhododendron atlanticum,23704,species,,0
Great rhododendron,Rhododendron maximum,23721,species,,0
Jetbead,Rhodotypos scandens,25298,species,,0
Sumac,Rhus,28772,genus,,0
Rhus copallinum,Rhus copallinum,504754,species,,0
Rhus glabra,Rhus glabra,28782,species,,0
Rhus typhina,Rhus typhina,28777,species,,0
Black locust,Robinia pseudoacacia,504804,species,,0
Rose,Rosa,24807,genus,,0
Multiflora rose,Rosa multiflora,24833,species,,0
Brambles,Rubus,24848,genus,,0
Wineberry,Rubus phoenicolasius,25017,species,,0
Willow,Salix,22476,genus,,0
Weeping willow,Salix babylonica,837788,species,,0
Black willow,Salix nigra,22484,species,,0
Elderberry,Sambucus,35315,species,,0
Red elderberry,Sambucus racemosa,35326,species,,0
Sassafras,Sassafras,18157,genus,,0
American mountain-ash,Sorbus americana,25319,species,,0
American bladdernut,Staphylea trifolia,28646,species,,0
Stewartia rostrata,Stewartia,21389,genus,,0
Japanese snowbell,Styrax japonicus,505974,species,,0
Symplocos tinctoria,Symplocos tinctoria,23878,species,,0
Lilac,Syringa,32994,genus,,0
Syringa reticulata,Syringa reticulata,507196,species,,0
Bald cypress,Taxodium distichum,18041,species,,0
Yew,Taxus,194882,genus,,1
Northern white-cedar,Thuja occidentalis,505490,species,,1
White cedar,Thuja occidentalis,505490,species,,1
American basswood,Tilia americana,21536,species,,0
Basswood,Tilia americana,21536,species,,0
Littleleaf linden,Tilia cordata,505507,species,,0
Tilia cordata,Tilia cordata,505507,species,,0
Tilia x europaea,Tilia X europaea,21538,species,,0
Chinese tallowtree,Triadica sebifera,522777,species,,0
Eastern hemlock,Tsuga canadensis,183397,species,,1
Carolina hemlock,Tsuga caroliniana,183399,species,,1
Elm,Ulmus,19048,genus,,0
Ulmus,Ulmus,19048,genus,,0
Winged elm,Ulmus alata,19051,species,,0
American elm,Ulmus americana,19049,species,,0
Siberian elm,Ulmus pumila,19057,species,,0
Slippery elm,Ulmus rubra,19050,species,,0
White elm,Ulmus americana,19049,species,,0
California laurel,Umbellularia californica,18208,species,,0
Blueberry,Vaccinium,23571,genus,,0
Vaccinium,Vaccinium,23571,genus,,0
Highbush blueberry,Vaccinium corymbosum,23573,species,,0
Vaccinium caesariense,Vaccinium corymbosum,23573,species,,0
Vaccinium corymbosum,Vaccinium corymbosum,23573,species,,0
Vaccinum corymbosum,Vaccinium corymbosum,23573,species,,0
Vaccineum stamineum,Vaccinium stamineum,233615,species,,0
Tungoil tree,Vernicia fordii,505662,species,,0
Viburnum,Viburnum,35249,genus,,0
Mapleleaf viburnum,Viburnum acerifolium,35255,species,,0
Vibirnum dentatum,Viburnum dentatum,35251,species,,0
Viburnum dentatum,Viburnum dentatum,35251,species,,0
Viburnum dilatatum,Viburnum dilatatum,505677,species,,0
Viburnum lentago,Viburnum lentago,35266,species,,0
Possumhaw viburnum,Viburnum nudum,35252,species,,0
Viburnum nudum,Viburnum nudum,35252,species,,0
Viburnum plicatum,Viburnum plicatum,35272,species,,0
Blackhaw,Viburnum prunifolium,35253,species,,0
Viburnum rufidulum,Viburnum rufidulum,35274,species,,0
Viburnum cassinoide,Viburnum nudum,35252,species,,0
Viburnum trilobum,Viburnum opulus,35270,species,,0
Canyon grape,Vitis arizonica,28612,species,,0
Wisteria,Wisteria,27019,genus,,0
Japanese zelkova,Zelkova serrata,505790,species,,0
Zelkova serrata,Zelkova serrata,505790,species,,0
